prov,,,,,,
Medicaid-CHPHILLC,,,,,,
Medicaid-CHPHILLC,,,,,,
Medicaid-CHPHILLC,,,,,,
Medicaid-CHPHILLC,,,,,,
Medicaid-CHPHILLC,,,,,,
Medicaid-CHPHILLC,,,,,,
Medicaid-CHPHILLC,,,,,,
Medicaid-CHPHILLC,,,,,,
Medicaid-CHPHILLC,,,,,,
Medicaid-CHPHILLC,,,,,,
Medicaid-CHPHILLC,,,,,,
Medicaid-CHPHILLC,,,,,,
Medicaid-CHPHILLC,,,,,,
Medicaid-CHPHILLC,,,,,,
Medicaid-OTHERPROV,,,,,,
Medicaid-OTHERPROV,,,,,,
Medicaid-OTHERPROV,,,,,,
Medicaid-OTHERPROV,,,,,,
Medicaid-NONE,,,,,,
Medicaid-NONE,,,,,,
Medicaid-NONE,,,,,,
Medicaid-NONE,,,,,,
Medicaid-NONE,,,,,,
Medicaid-NONE,,,,,,
Medicaid-NONE,,,,,,